model,precision,recall,f1,accuracy,roc_auc
logistic_regression,0.999946161300743,0.7167721518987342,0.8350042710066088,0.8336053681537904,0.8852491547893292
random_forest,0.9997956598144591,0.9441185551096017,0.97115976260892,0.9670611171563294,0.994020693242386
gradient_boosting,0.9992472308850414,0.7171966656375425,0.8350483037519658,0.8335600290170475,0.8773678218585984
